"File","Lines","Extension"
".kexC\include\kex_crc32.h","36",".h"
".kexC\examples\minimal.c","17",".c"
".kexC\include\kex_loader.h","87",".h"
".kexC\include\kex_format.h","224",".h"
".kexC\include\kex_api.h","60",".h"
".kexC\examples\hello.c","15",".c"
".kexC\examples\libhello.c","30",".c"
".kexC\examples\test_kxp.c","36",".c"
".kexC\examples\fileio.c","51",".c"
".kexC\examples\utils.c","48",".c"
".kexC\examples\math.c","79",".c"
".kexC\examples\test_debug.c","18",".c"
".kexC\include\kex_compat.h","85",".h"
".kexC\examples\sysinfo.c","207",".c"
".kexC\examples\procmgr.c","165",".c"
".kexC\examples\netstat.c","220",".c"
".kexC\examples\filebrowser.c","233",".c"
".kexC\include\kex_user.h","1367",".h"
".kexC\src\kex.c","3420",".c"
"apps\calculator.c","100",".c"
"apps\calendar.c","109",".c"
"apps\container-os\include\container.h","47",".h"
"apps\container-os\include\image.h","29",".h"
"apps\container-os\include\manager.h","21",".h"
"apps\container-os\include\volume.h","26",".h"
"apps\container-os\src\container.c","107",".c"
"apps\container-os\src\image.c","98",".c"
"apps\container-os\src\manager.c","71",".c"
"apps\container-os\src\volume.c","84",".c"
"apps\file_manager.c","177",".c"
"apps\network_tools.c","107",".c"
"apps\system_tools.c","159",".c"
"apps\terminal.c","280",".c"
"apps\text_editor.c","181",".c"
"apps\text_editor.h","34",".h"
"bin\calculator.c","100",".c"
"bin\calendar.c","109",".c"
"bin\init.c","88",".c"
"bin\network_tools.c","107",".c"
"bin\shell_commands.c","232",".c"
"bin\shell_commands.h","14",".h"
"bin\systemd_init.c","29",".c"
"bin\system_tools.c","159",".c"
"bin\user_apps.h","11",".h"
"bootloader\bootx64.c","845",".c"
"bootloader\efi.h","274",".h"
"bootloader\graphics.c","216",".c"
"bootloader\graphics.h","34",".h"
"bootloader\include\efi.h","320",".h"
"bootloader\include\fbc.h","27",".h"
"bootloader\kenux_boot_art.h","10960",".h"
"bootloader\kernel.c","341",".c"
"bootloader\kernel.h","43",".h"
"bootloader\logger.c","69",".c"
"bootloader\logger.h","22",".h"
"bootloader\main.c","244",".c"
"bootloader\main_simple.c","23",".c"
"bootloader\progress.c","56",".c"
"bootloader\progress.h","20",".h"
"bootloader\serial.c","47",".c"
"bootloader\serial.h","10",".h"
"build.py","738",".py"
"buildsystem\core\model.py","188",".py"
"buildsystem\core\runner.py","756",".py"
"buildsystem\core\state.py","264",".py"
"buildsystem\core\ui.py","112",".py"
"buildsystem\core\__init__.py","20",".py"
"buildsystem\__init__.py","0",".py"
"include\kapi.h","80",".h"
"include\kapi_atomic.h","133",".h"
"include\kapi_bitmap.h","99",".h"
"include\kapi_blkdev.h","83",".h"
"include\kapi_cdev.h","63",".h"
"include\kapi_completion.h","29",".h"
"include\kapi_cpumask.h","47",".h"
"include\kapi_crc.h","31",".h"
"include\kapi_debugfs.h","66",".h"
"include\kapi_device.h","85",".h"
"include\kapi_dma.h","53",".h"
"include\kapi_ebpf.h","45",".h"
"include\kapi_fs.h","102",".h"
"include\kapi_ftrace.h","81",".h"
"include\kapi_hash.h","154",".h"
"include\kapi_idr.h","37",".h"
"include\kapi_io.h","55",".h"
"include\kapi_irq.h","25",".h"
"include\kapi_kfifo.h","42",".h"
"include\kapi_kobject.h","72",".h"
"include\kapi_kprobe.h","103",".h"
"include\kapi_kthread.h","29",".h"
"include\kapi_leonos.h","161",".h"
"include\kapi_leonos_ext.h","277",".h"
"include\kapi_list.h","88",".h"
"include\kapi_memory.h","65",".h"
"include\kapi_mempool.h","38",".h"
"include\kapi_module.h","27",".h"
"include\kapi_mutex.h","31",".h"
"include\kapi_netdevice.h","216",".h"
"include\kapi_netlink.h","101",".h"
"include\kapi_notifier.h","35",".h"
"include\kapi_params.h","79",".h"
"include\kapi_pci.h","95",".h"
"include\kapi_percpu.h","67",".h"
"include\kapi_process.h","75",".h"
"include\kapi_random.h","23",".h"
"include\kapi_rbtree.h","48",".h"
"include\kapi_rcu.h","45",".h"
"include\kapi_sched.h","30",".h"
"include\kapi_security.h","237",".h"
"include\kapi_seq_file.h","56",".h"
"include\kapi_skbuff.h","74",".h"
"include\kapi_smp.h","21",".h"
"include\kapi_socket.h","227",".h"
"include\kapi_sort.h","27",".h"
"include\kapi_string.h","61",".h"
"include\kapi_syscall.h","788",".h"
"include\kapi_time.h","122",".h"
"include\kapi_vfs.h","221",".h"
"include\kapi_wait.h","27",".h"
"kal\adapters\custom_adapter.c","126",".c"
"kal\adapters\kal_builtins.c","26",".c"
"kal\adapters\kenux_adapter.c","157",".c"
"kal\adapters\linuxlike_adapter.c","155",".c"
"kal\adapters\microkernel_adapter.c","129",".c"
"kal\examples\demo.c","129",".c"
"kal\include\kal.h","30",".h"
"kal\include\kal_backend.h","83",".h"
"kal\include\kal_capability.h","54",".h"
"kal\include\kal_dispatcher.h","69",".h"
"kal\include\kal_errno.h","54",".h"
"kal\include\kal_governance.h","90",".h"
"kal\include\kal_registry.h","30",".h"
"kal\include\kal_ssi.h","58",".h"
"kal\include\kal_types.h","116",".h"
"kal\src\kal_capability.c","28",".c"
"kal\src\kal_dispatcher.c","132",".c"
"kal\src\kal_errno.c","159",".c"
"kal\src\kal_governance.c","285",".c"
"kal\src\kal_marshalling.c","55",".c"
"kal\src\kal_marshalling.h","28",".h"
"kal\src\kal_registry.c","48",".c"
"kal\src\kal_ssi.c","301",".c"
"kernel\api\kapi_atomic.c","4",".c"
"kernel\api\kapi_bitmap.c","4",".c"
"kernel\api\kapi_blkdev.c","309",".c"
"kernel\api\kapi_cdev.c","251",".c"
"kernel\api\kapi_completion.c","54",".c"
"kernel\api\kapi_cpumask.c","128",".c"
"kernel\api\kapi_crc.c","6",".c"
"kernel\api\kapi_debugfs.c","413",".c"
"kernel\api\kapi_device.c","468",".c"
"kernel\api\kapi_dma.c","176",".c"
"kernel\api\kapi_ebpf.c","166",".c"
"kernel\api\kapi_ftrace.c","251",".c"
"kernel\api\kapi_hash.c","256",".c"
"kernel\api\kapi_idr.c","82",".c"
"kernel\api\kapi_init.c","105",".c"
"kernel\api\kapi_io.c","145",".c"
"kernel\api\kapi_irq.c","55",".c"
"kernel\api\kapi_kfifo.c","132",".c"
"kernel\api\kapi_kobject.c","270",".c"
"kernel\api\kapi_kprobe.c","325",".c"
"kernel\api\kapi_kthread.c","56",".c"
"kernel\api\kapi_leonos.c","596",".c"
"kernel\api\kapi_list.c","4",".c"
"kernel\api\kapi_memory.c","169",".c"
"kernel\api\kapi_mempool.c","199",".c"
"kernel\api\kapi_module.c","21",".c"
"kernel\api\kapi_mutex.c","62",".c"
"kernel\api\kapi_netdevice.c","313",".c"
"kernel\api\kapi_netlink.c","256",".c"
"kernel\api\kapi_notifier.c","59",".c"
"kernel\api\kapi_params.c","281",".c"
"kernel\api\kapi_pci.c","210",".c"
"kernel\api\kapi_percpu.c","85",".c"
"kernel\api\kapi_process.c","297",".c"
"kernel\api\kapi_random.c","63",".c"
"kernel\api\kapi_rbtree.c","341",".c"
"kernel\api\kapi_rcu.c","64",".c"
"kernel\api\kapi_sched.c","36",".c"
"kernel\api\kapi_security.c","742",".c"
"kernel\api\kapi_seq_file.c","260",".c"
"kernel\api\kapi_skbuff.c","161",".c"
"kernel\api\kapi_smp.c","17",".c"
"kernel\api\kapi_socket.c","392",".c"
"kernel\api\kapi_sort.c","121",".c"
"kernel\api\kapi_string.c","174",".c"
"kernel\api\kapi_syscall.c","1811",".c"
"kernel\api\kapi_time.c","111",".c"
"kernel\api\kapi_vfs.c","573",".c"
"kernel\api\kapi_wait.c","46",".c"
"kernel\arch\x86_64\ac97.c","229",".c"
"kernel\arch\x86_64\acpi.c","82",".c"
"kernel\arch\x86_64\acpi_madt.c","136",".c"
"kernel\arch\x86_64\acpi_pm.c","361",".c"
"kernel\arch\x86_64\ahci.c","233",".c"
"kernel\arch\x86_64\apic.c","179",".c"
"kernel\arch\x86_64\bpf.c","1053",".c"
"kernel\arch\x86_64\buddy.c","270",".c"
"kernel\arch\x86_64\cfs.c","408",".c"
"kernel\arch\x86_64\conntrack.c","306",".c"
"kernel\arch\x86_64\cpufreq.c","480",".c"
"kernel\arch\x86_64\cpuidle.c","379",".c"
"kernel\arch\x86_64\dns.c","380",".c"
"kernel\arch\x86_64\efi.c","304",".c"
"kernel\arch\x86_64\efi_entry.c","193",".c"
"kernel\arch\x86_64\efi_runtime.c","180",".c"
"kernel\arch\x86_64\ehci.c","67",".c"
"kernel\arch\x86_64\elf.c","204",".c"
"kernel\arch\x86_64\ext2.c","340",".c"
"kernel\arch\x86_64\ext4.c","611",".c"
"kernel\arch\x86_64\framebuffer.c","622",".c"
"kernel\arch\x86_64\ftrace.c","343",".c"
"kernel\arch\x86_64\gdt.c","60",".c"
"kernel\arch\x86_64\hda.c","123",".c"
"kernel\arch\x86_64\hpet.c","65",".c"
"kernel\arch\x86_64\i2c.c","333",".c"
"kernel\arch\x86_64\idt.c","70",".c"
"kernel\arch\x86_64\include\arch\ac97.h","30",".h"
"kernel\arch\x86_64\include\arch\acpi.h","43",".h"
"kernel\arch\x86_64\include\arch\acpi_madt.h","87",".h"
"kernel\arch\x86_64\include\arch\acpi_pm.h","164",".h"
"kernel\arch\x86_64\include\arch\ahci.h","42",".h"
"kernel\arch\x86_64\include\arch\apic.h","70",".h"
"kernel\arch\x86_64\include\arch\boot.h","27",".h"
"kernel\arch\x86_64\include\arch\bpf.h","242",".h"
"kernel\arch\x86_64\include\arch\buddy.h","64",".h"
"kernel\arch\x86_64\include\arch\cfs.h","77",".h"
"kernel\arch\x86_64\include\arch\conntrack.h","84",".h"
"kernel\arch\x86_64\include\arch\cpufreq.h","87",".h"
"kernel\arch\x86_64\include\arch\cpuidle.h","71",".h"
"kernel\arch\x86_64\include\arch\dns.h","109",".h"
"kernel\arch\x86_64\include\arch\drivers.h","10",".h"
"kernel\arch\x86_64\include\arch\efi.h","365",".h"
"kernel\arch\x86_64\include\arch\efi_runtime.h","127",".h"
"kernel\arch\x86_64\include\arch\ehci.h","25",".h"
"kernel\arch\x86_64\include\arch\elf.h","106",".h"
"kernel\arch\x86_64\include\arch\ext2.h","116",".h"
"kernel\arch\x86_64\include\arch\ext4.h","351",".h"
"kernel\arch\x86_64\include\arch\framebuffer.h","99",".h"
"kernel\arch\x86_64\include\arch\fs.h","123",".h"
"kernel\arch\x86_64\include\arch\ftrace.h","100",".h"
"kernel\arch\x86_64\include\arch\gdt.h","29",".h"
"kernel\arch\x86_64\include\arch\hal.h","102",".h"
"kernel\arch\x86_64\include\arch\hda.h","29",".h"
"kernel\arch\x86_64\include\arch\hpet.h","12",".h"
"kernel\arch\x86_64\include\arch\i2c.h","107",".h"
"kernel\arch\x86_64\include\arch\idt.h","27",".h"
"kernel\arch\x86_64\include\arch\interrupt.h","14",".h"
"kernel\arch\x86_64\include\arch\io.h","42",".h"
"kernel\arch\x86_64\include\arch\ioapic.h","60",".h"
"kernel\arch\x86_64\include\arch\ipc.h","21",".h"
"kernel\arch\x86_64\include\arch\jbd2.h","140",".h"
"kernel\arch\x86_64\include\arch\kernel.h","6",".h"
"kernel\arch\x86_64\include\arch\keyboard.h","131",".h"
"kernel\arch\x86_64\include\arch\kvm.h","182",".h"
"kernel\arch\x86_64\include\arch\kvm_vmx.h","366",".h"
"kernel\arch\x86_64\include\arch\ldso.h","159",".h"
"kernel\arch\x86_64\include\arch\lsm.h","254",".h"
"kernel\arch\x86_64\include\arch\memory.h","88",".h"
"kernel\arch\x86_64\include\arch\mmap.h","73",".h"
"kernel\arch\x86_64\include\arch\mouse.h","69",".h"
"kernel\arch\x86_64\include\arch\net.h","234",".h"
"kernel\arch\x86_64\include\arch\netfilter.h","67",".h"
"kernel\arch\x86_64\include\arch\nvme.h","489",".h"
"kernel\arch\x86_64\include\arch\pagecache.h","49",".h"
"kernel\arch\x86_64\include\arch\pagefault.h","60",".h"
"kernel\arch\x86_64\include\arch\pci.h","211",".h"
"kernel\arch\x86_64\include\arch\pcspk.h","11",".h"
"kernel\arch\x86_64\include\arch\pe.h","387",".h"
"kernel\arch\x86_64\include\arch\pic.h","13",".h"
"kernel\arch\x86_64\include\arch\pit.h","11",".h"
"kernel\arch\x86_64\include\arch\process.h","125",".h"
"kernel\arch\x86_64\include\arch\registry.h","244",".h"
"kernel\arch\x86_64\include\arch\route.h","89",".h"
"kernel\arch\x86_64\include\arch\rtc.h","22",".h"
"kernel\arch\x86_64\include\arch\sata.h","20",".h"
"kernel\arch\x86_64\include\arch\selinux.h","226",".h"
"kernel\arch\x86_64\include\arch\shell.h","26",".h"
"kernel\arch\x86_64\include\arch\slab.h","61",".h"
"kernel\arch\x86_64\include\arch\smbios.h","56",".h"
"kernel\arch\x86_64\include\arch\smp.h","159",".h"
"kernel\arch\x86_64\include\arch\sound.h","29",".h"
"kernel\arch\x86_64\include\arch\spi.h","102",".h"
"kernel\arch\x86_64\include\arch\spinlock.h","196",".h"
"kernel\arch\x86_64\include\arch\swap.h","83",".h"
"kernel\arch\x86_64\include\arch\syscall.h","31",".h"
"kernel\arch\x86_64\include\arch\system_sounds.h","9",".h"
"kernel\arch\x86_64\include\arch\tcp_cong.h","53",".h"
"kernel\arch\x86_64\include\arch\thermal.h","129",".h"
"kernel\arch\x86_64\include\arch\types.h","49",".h"
"kernel\arch\x86_64\include\arch\uart.h","147",".h"
"kernel\arch\x86_64\include\arch\usb_hid.h","145",".h"
"kernel\arch\x86_64\include\arch\usermode.h","54",".h"
"kernel\arch\x86_64\include\arch\vga.h","22",".h"
"kernel\arch\x86_64\include\arch\virtio.h","181",".h"
"kernel\arch\x86_64\include\arch\vlan.h","90",".h"
"kernel\arch\x86_64\include\arch\watchdog.h","70",".h"
"kernel\arch\x86_64\include\arch\win32.h","1877",".h"
"kernel\arch\x86_64\include\arch\win32_process.h","215",".h"
"kernel\arch\x86_64\include\arch\xhci.h","25",".h"
"kernel\arch\x86_64\ioapic.c","141",".c"
"kernel\arch\x86_64\jbd2.c","924",".c"
"kernel\arch\x86_64\keyboard.c","316",".c"
"kernel\arch\x86_64\kvm.c","682",".c"
"kernel\arch\x86_64\ldso.c","806",".c"
"kernel\arch\x86_64\lsm.c","764",".c"
"kernel\arch\x86_64\memory.c","353",".c"
"kernel\arch\x86_64\mmap.c","814",".c"
"kernel\arch\x86_64\mouse.c","355",".c"
"kernel\arch\x86_64\multiboot.h","14",".h"
"kernel\arch\x86_64\net.c","1101",".c"
"kernel\arch\x86_64\netfilter.c","108",".c"
"kernel\arch\x86_64\ntfs.c","1065",".c"
"kernel\arch\x86_64\nvme.c","832",".c"
"kernel\arch\x86_64\pagecache.c","221",".c"
"kernel\arch\x86_64\pagefault.c","281",".c"
"kernel\arch\x86_64\pci.c","369",".c"
"kernel\arch\x86_64\pcspk.c","55",".c"
"kernel\arch\x86_64\pe.c","199",".c"
"kernel\arch\x86_64\pic.c","78",".c"
"kernel\arch\x86_64\pit.c","51",".c"
"kernel\arch\x86_64\pnp.c","920",".c"
"kernel\arch\x86_64\procfs.c","304",".c"
"kernel\arch\x86_64\registry.c","910",".c"
"kernel\arch\x86_64\route.c","233",".c"
"kernel\arch\x86_64\rtc.c","102",".c"
"kernel\arch\x86_64\sata.c","58",".c"
"kernel\arch\x86_64\scm.c","698",".c"
"kernel\arch\x86_64\security.c","261",".c"
"kernel\arch\x86_64\selinux.c","496",".c"
"kernel\arch\x86_64\slab.c","352",".c"
"kernel\arch\x86_64\smbios.c","40",".c"
"kernel\arch\x86_64\smp.c","283",".c"
"kernel\arch\x86_64\sound.c","122",".c"
"kernel\arch\x86_64\spi.c","261",".c"
"kernel\arch\x86_64\swap.c","518",".c"
"kernel\arch\x86_64\system_sounds.c","131",".c"
"kernel\arch\x86_64\tcp_bbr.c","406",".c"
"kernel\arch\x86_64\tcp_cong.c","540",".c"
"kernel\arch\x86_64\thermal.c","406",".c"
"kernel\arch\x86_64\tmpfs.c","182",".c"
"kernel\arch\x86_64\uart.c","583",".c"
"kernel\arch\x86_64\usb_hid.c","453",".c"
"kernel\arch\x86_64\usermode.c","174",".c"
"kernel\arch\x86_64\vga.c","127",".c"
"kernel\arch\x86_64\virtio.c","281",".c"
"kernel\arch\x86_64\vlan.c","188",".c"
"kernel\arch\x86_64\watchdog.c","460",".c"
"kernel\arch\x86_64\win32_advapi32.c","2252",".c"
"kernel\arch\x86_64\win32_gdi_and_msg.c","1905",".c"
"kernel\arch\x86_64\win32_kernel32.c","2185",".c"
"kernel\arch\x86_64\win32_msvcrt.c","1198",".c"
"kernel\arch\x86_64\win32_ntdll.c","872",".c"
"kernel\arch\x86_64\win32_process.c","1257",".c"
"kernel\arch\x86_64\win32_security.c","922",".c"
"kernel\arch\x86_64\win32_shell.c","3011",".c"
"kernel\arch\x86_64\win32_stubs.c","96",".c"
"kernel\arch\x86_64\wmi.c","732",".c"
"kernel\arch\x86_64\xhci.c","67",".c"
"kernel\compat\leonos_compat.c","144",".c"
"kernel\compat\leonos_compat.h","33",".h"
"kernel\gui\include\browser.h","15",".h"
"kernel\gui\include\cjk_font.h","17",".h"
"kernel\gui\include\color.h","598",".h"
"kernel\gui\include\compat_center.h","9",".h"
"kernel\gui\include\cursor_data.h","25",".h"
"kernel\gui\include\desktop.h","190",".h"
"kernel\gui\include\emoji_font.h","16",".h"
"kernel\gui\include\filemgr.h","15",".h"
"kernel\gui\include\font.h","17",".h"
"kernel\gui\include\font_data.h","8",".h"
"kernel\gui\include\font_ttf.h","16",".h"
"kernel\gui\include\framebuffer.h","94",".h"
"kernel\gui\include\graphics.h","15",".h"
"kernel\gui\include\gui.h","7",".h"
"kernel\gui\include\icon.h","619",".h"
"kernel\gui\include\icon_data.h","17",".h"
"kernel\gui\include\icon_registry.h","18",".h"
"kernel\gui\include\kenux_assets.h","9",".h"
"kernel\gui\include\kenux_render.h","196",".h"
"kernel\gui\include\kenux_ui.h","254",".h"
"kernel\gui\include\logo_data.h","12",".h"
"kernel\gui\include\msf.h","80",".h"
"kernel\gui\include\stb_truetype.h","5079",".h"
"kernel\gui\include\sysinfo.h","13",".h"
"kernel\gui\include\taskmgr.h","15",".h"
"kernel\gui\include\terminal.h","17",".h"
"kernel\gui\include\textedit.h","15",".h"
"kernel\gui\include\thispc.h","13",".h"
"kernel\gui\include\types.h","17",".h"
"kernel\gui\include\wallpaper_data.h","12",".h"
"kernel\gui\include\widget.h","62",".h"
"kernel\gui\include\window.h","81",".h"
"kernel\gui\include\window_manager.h","65",".h"
"kernel\gui\src\browser.c","805",".c"
"kernel\gui\src\cjk_font.c","7223",".c"
"kernel\gui\src\color.c","291",".c"
"kernel\gui\src\compat_center.c","114",".c"
"kernel\gui\src\cursor_data.c","1851",".c"
"kernel\gui\src\desktop.c","1228",".c"
"kernel\gui\src\emoji_font.c","196",".c"
"kernel\gui\src\filemgr.c","669",".c"
"kernel\gui\src\font.c","232",".c"
"kernel\gui\src\font_data.c","101",".c"
"kernel\gui\src\font_ttf.c","198",".c"
"kernel\gui\src\framebuffer.c","676",".c"
"kernel\gui\src\graphics.c","82",".c"
"kernel\gui\src\icon.c","578",".c"
"kernel\gui\src\icon_data.c","74330",".c"
"kernel\gui\src\icon_registry.c","620",".c"
"kernel\gui\src\kenux_asset_file.c","132",".c"
"kernel\gui\src\kenux_asset_folder.c","132",".c"
"kernel\gui\src\kenux_render.c","870",".c"
"kernel\gui\src\kenux_ui.c","1243",".c"
"kernel\gui\src\main.c","1059",".c"
"kernel\gui\src\msf.c","753",".c"
"kernel\gui\src\sysinfo.c","321",".c"
"kernel\gui\src\taskmgr.c","267",".c"
"kernel\gui\src\terminal.c","579",".c"
"kernel\gui\src\textedit.c","411",".c"
"kernel\gui\src\thispc.c","296",".c"
"kernel\gui\src\wallpaper_data.c","115204",".c"
"kernel\gui\src\widget.c","277",".c"
"kernel\gui\src\window.c","376",".c"
"kernel\gui\src\window_manager.c","796",".c"
"kernel\include\checksum.h","14",".h"
"kernel\include\fs.h","31",".h"
"kernel\include\gpu.h","43",".h"
"kernel\include\pci.h","19",".h"
"kernel\include\process.h","39",".h"
"kernel\include\slab.h","6",".h"
"kernel\include\spinlock.h","6",".h"
"kernel\kernel\bpf.h","203",".h"
"kernel\kernel\cgroup.c","347",".c"
"kernel\kernel\cgroup.h","131",".h"
"kernel\kernel\devtmpfs.c","116",".c"
"kernel\kernel\devtmpfs.h","37",".h"
"kernel\kernel\drivers.c","51",".c"
"kernel\kernel\drivers.h","18",".h"
"kernel\kernel\epoll.c","399",".c"
"kernel\kernel\epoll.h","80",".h"
"kernel\kernel\fifo.c","241",".c"
"kernel\kernel\fifo.h","42",".h"
"kernel\kernel\fs.h","19",".h"
"kernel\kernel\ftrace.h","132",".h"
"kernel\kernel\gdb_stub.c","371",".c"
"kernel\kernel\gdb_stub.h","24",".h"
"kernel\kernel\gpu.c","100",".c"
"kernel\kernel\include\cgroup.h","186",".h"
"kernel\kernel\include\namespace.h","205",".h"
"kernel\kernel\interrupt.c","98",".c"
"kernel\kernel\interrupt.h","17",".h"
"kernel\kernel\ipc.c","743",".c"
"kernel\kernel\ipc.h","121",".h"
"kernel\kernel\kernel.c","378",".c"
"kernel\kernel\kthread.c","141",".c"
"kernel\kernel\kthread.h","46",".h"
"kernel\kernel\memory.h","38",".h"
"kernel\kernel\module.c","577",".c"
"kernel\kernel\module.h","107",".h"
"kernel\kernel\namespace.c","579",".c"
"kernel\kernel\namespace.h","117",".h"
"kernel\kernel\printk.c","326",".c"
"kernel\kernel\process.c","341",".c"
"kernel\kernel\process.h","42",".h"
"kernel\kernel\rcu.c","211",".c"
"kernel\kernel\rcu.h","101",".h"
"kernel\kernel\selinux.h","145",".h"
"kernel\kernel\shell_enhanced.c","581",".c"
"kernel\kernel\signal.c","385",".c"
"kernel\kernel\signal.h","131",".h"
"kernel\kernel\stacktrace.c","316",".c"
"kernel\kernel\sync.c","498",".c"
"kernel\kernel\sync.h","81",".h"
"kernel\kernel\syscall.c","56",".c"
"kernel\kernel\syscall.h","18",".h"
"kernel\kernel\sysfs.c","154",".c"
"kernel\kernel\sysfs.h","43",".h"
"kernel\kernel\timer.c","347",".c"
"kernel\kernel\timer.h","79",".h"
"kernel\kernel\unixsock.c","689",".c"
"kernel\kernel\unixsock.h","98",".h"
"kernel\kernel\wait.c","167",".c"
"kernel\kernel\wait.h","35",".h"
"kernel\kernel\workqueue.c","295",".c"
"kernel\kernel\workqueue.h","97",".h"
"kernel\lib\libc\errno.c","10",".c"
"kernel\lib\libc\errno.h","41",".h"
"kernel\lib\libc\include\memory.h","12",".h"
"kernel\lib\libc\include\stdarg.h","10",".h"
"kernel\lib\libc\include\stdbool.h","9",".h"
"kernel\lib\libc\include\stddef.h","11",".h"
"kernel\lib\libc\include\stdio.h","15",".h"
"kernel\lib\libc\include\stdlib.h","20",".h"
"kernel\lib\libc\include\string.h","23",".h"
"kernel\lib\libc\include\unistd.h","61",".h"
"kernel\lib\libc\limits.h","20",".h"
"kernel\lib\libc\math.c","252",".c"
"kernel\lib\libc\math.h","26",".h"
"kernel\lib\libc\memory.h","12",".h"
"kernel\lib\libc\setjmp.c","10",".c"
"kernel\lib\libc\setjmp.h","18",".h"
"kernel\lib\libc\signal.c","77",".c"
"kernel\lib\libc\signal.h","39",".h"
"kernel\lib\libc\stdarg.h","10",".h"
"kernel\lib\libc\stdbool.h","9",".h"
"kernel\lib\libc\stddef.h","12",".h"
"kernel\lib\libc\stdio.c","59",".c"
"kernel\lib\libc\stdio.h","12",".h"
"kernel\lib\libc\stdlib.c","326",".c"
"kernel\lib\libc\stdlib.h","14",".h"
"kernel\lib\libc\string.c","209",".c"
"kernel\lib\libc\string.h","19",".h"
"kernel\lib\libc\time.c","345",".c"
"kernel\lib\libc\time.h","38",".h"
"kernel\lib\libc\unistd.c","669",".c"
"kernel\lib\libc\unistd.h","50",".h"
"kernel\lib\libc\vsprintf.c","67",".c"
"kernel\systemd\automount.c","124",".c"
"kernel\systemd\device.c","131",".c"
"kernel\systemd\fstab.c","135",".c"
"kernel\systemd\include\systemd.h","731",".h"
"kernel\systemd\journal.c","456",".c"
"kernel\systemd\journalctl.c","161",".c"
"kernel\systemd\mount.c","176",".c"
"kernel\systemd\path.c","121",".c"
"kernel\systemd\service.c","1188",".c"
"kernel\systemd\slice.c","151",".c"
"kernel\systemd\socket.c","296",".c"
"kernel\systemd\swap.c","111",".c"
"kernel\systemd\systemctl.c","395",".c"
"kernel\systemd\systemd.c","1408",".c"
"kernel\systemd\target.c","171",".c"
"kernel\systemd\timer.c","764",".c"
"kernel\systemd\udev.c","550",".c"
"kernel\systemd\util.c","140",".c"
"tools\check_img.py","141",".py"
"tools\gen_ninja.py","394",".py"
"tools\make_esp.py","580",".py"
"tools\ninja_cmd.py","461",".py"
"compat_layer\dll\appcompat\apphelp\apphelp.c","475",".c"
"compat_layer\dll\appcompat\apphelp\apphelp.h","155",".h"
"compat_layer\dll\appcompat\apphelp\dbgheap.c","166",".c"
"compat_layer\dll\appcompat\apphelp\hsdb.c","848",".c"
"compat_layer\dll\appcompat\apphelp\layer.c","545",".c"
"compat_layer\dll\appcompat\apphelp\sdbapi.c","947",".c"
"compat_layer\dll\appcompat\apphelp\sdbfileattr.c","388",".c"
"compat_layer\dll\appcompat\apphelp\sdbpapi.h","84",".h"
"compat_layer\dll\appcompat\apphelp\sdbread.c","422",".c"
"compat_layer\dll\appcompat\apphelp\sdbstringtable.c","191",".c"
"compat_layer\dll\appcompat\apphelp\sdbstringtable.h","46",".h"
"compat_layer\dll\appcompat\apphelp\sdbwrite.c","354",".c"
"compat_layer\dll\appcompat\apphelp\sdbwrite.h","34",".h"
"compat_layer\dll\appcompat\apphelp\shimeng.c","1536",".c"
"compat_layer\dll\appcompat\apphelp\shimeng.h","107",".h"
"compat_layer\dll\appcompat\shims\genral\ignoredbgout.c","33",".c"
"compat_layer\dll\appcompat\shims\genral\ignorefreelib.c","144",".c"
"compat_layer\dll\appcompat\shims\genral\main.c","38",".c"
"compat_layer\dll\appcompat\shims\genral\msys2.c","46",".c"
"compat_layer\dll\appcompat\shims\genral\shimtest.c","88",".c"
"compat_layer\dll\appcompat\shims\genral\themes.c","35",".c"
"compat_layer\dll\appcompat\shims\layer\dispmode.c","69",".c"
"compat_layer\dll\appcompat\shims\layer\forcedxsetupsuccess.c","201",".c"
"compat_layer\dll\appcompat\shims\layer\globalmemorystatus.c","39",".c"
"compat_layer\dll\appcompat\shims\layer\ignoreloadlibrary.c","80",".c"
"compat_layer\dll\appcompat\shims\layer\main.c","38",".c"
"compat_layer\dll\appcompat\shims\layer\versionlie.c","266",".c"
"compat_layer\dll\appcompat\shims\layer\vmhorizon.c","142",".c"
"compat_layer\dll\appcompat\shims\shimlib\shimlib.c","248",".c"
"compat_layer\dll\appcompat\shims\shimlib\shimlib.h","103",".h"
"compat_layer\dll\win32\dbghelp\compat.c","512",".c"
"compat_layer\dll\win32\kernel32\client\vdm.c","2015",".c"
"compat_layer\dll\win32\kernel32\include\vdm.h","69",".h"
"compat_layer\dll\win32\shlwapi\appcompat.c","472",".c"
"compat_layer\modules\rosapps\applications\devutils\shimdbg\shimdbg.c","398",".c"
"compat_layer\modules\rostests\apitests\apphelp\apphelp.c","1280",".c"
"compat_layer\modules\rostests\apitests\apphelp\apphelp_apitest.h","95",".h"
"compat_layer\modules\rostests\apitests\apphelp\data.c","848",".c"
"compat_layer\modules\rostests\apitests\apphelp\db.cpp","2158",".cpp"
"compat_layer\modules\rostests\apitests\apphelp\env.c","1476",".c"
"compat_layer\modules\rostests\apitests\apphelp\layerapi.c","879",".c"
"compat_layer\modules\rostests\apitests\apphelp\register.cpp","375",".cpp"
"compat_layer\modules\rostests\apitests\apphelp\testlist.c","20",".c"
"compat_layer\modules\rostests\winetests\ntdll\wow64.c","3228",".c"
"compat_layer\ntoskrnl\ps\apphelp.c","792",".c"
"compat_layer\ntoskrnl\vdm\vdmexec.c","406",".c"
"compat_layer\ntoskrnl\vdm\vdmmain.c","204",".c"
"compat_layer\sdk\include\reactos\compatguid_undoc.h","12",".h"
"compat_layer\sdk\include\reactos\compat_undoc.h","61",".h"
"compat_layer\sdk\include\reactos\subsys\win\vdm.h","117",".h"
"compat_layer\sdk\lib\rtl\wow64.c","59",".c"
"compat_layer\subsystems\mvdm\ntvdm\bios\bios.c","160",".c"
"compat_layer\subsystems\mvdm\ntvdm\bios\bios.h","170",".h"
"compat_layer\subsystems\mvdm\ntvdm\bios\bios32\bios32.c","1297",".c"
"compat_layer\subsystems\mvdm\ntvdm\bios\bios32\bios32.h","46",".h"
"compat_layer\subsystems\mvdm\ntvdm\bios\bios32\bios32p.h","47",".h"
"compat_layer\subsystems\mvdm\ntvdm\bios\bios32\dskbios32.c","705",".c"
"compat_layer\subsystems\mvdm\ntvdm\bios\bios32\dskbios32.h","23",".h"
"compat_layer\subsystems\mvdm\ntvdm\bios\bios32\kbdbios32.c","385",".c"
"compat_layer\subsystems\mvdm\ntvdm\bios\bios32\kbdbios32.h","41",".h"
"compat_layer\subsystems\mvdm\ntvdm\bios\bios32\moubios32.c","540",".c"
"compat_layer\subsystems\mvdm\ntvdm\bios\bios32\moubios32.h","22",".h"
"compat_layer\subsystems\mvdm\ntvdm\bios\bios32\vbe.c","780",".c"
"compat_layer\subsystems\mvdm\ntvdm\bios\bios32\vbe.h","114",".h"
"compat_layer\subsystems\mvdm\ntvdm\bios\bios32\vidbios32.c","73",".c"
"compat_layer\subsystems\mvdm\ntvdm\bios\bios32\vidbios32.h","23",".h"
"compat_layer\subsystems\mvdm\ntvdm\bios\kbdbios.c","100",".c"
"compat_layer\subsystems\mvdm\ntvdm\bios\kbdbios.h","23",".h"
"compat_layer\subsystems\mvdm\ntvdm\bios\rom.c","264",".c"
"compat_layer\subsystems\mvdm\ntvdm\bios\rom.h","46",".h"
"compat_layer\subsystems\mvdm\ntvdm\bios\umamgr.c","627",".c"
"compat_layer\subsystems\mvdm\ntvdm\bios\umamgr.h","32",".h"
"compat_layer\subsystems\mvdm\ntvdm\bios\vidbios.c","4040",".c"
"compat_layer\subsystems\mvdm\ntvdm\bios\vidbios.h","128",".h"
"compat_layer\subsystems\mvdm\ntvdm\clock.c","243",".c"
"compat_layer\subsystems\mvdm\ntvdm\clock.h","54",".h"
"compat_layer\subsystems\mvdm\ntvdm\console\console.c","608",".c"
"compat_layer\subsystems\mvdm\ntvdm\console\video.c","819",".c"
"compat_layer\subsystems\mvdm\ntvdm\console\video.h","35",".h"
"compat_layer\subsystems\mvdm\ntvdm\cpu\bop.c","53",".c"
"compat_layer\subsystems\mvdm\ntvdm\cpu\bop.h","26",".h"
"compat_layer\subsystems\mvdm\ntvdm\cpu\callback.c","147",".c"
"compat_layer\subsystems\mvdm\ntvdm\cpu\callback.h","61",".h"
"compat_layer\subsystems\mvdm\ntvdm\cpu\cpu.c","248",".c"
"compat_layer\subsystems\mvdm\ntvdm\cpu\cpu.h","79",".h"
"compat_layer\subsystems\mvdm\ntvdm\cpu\registers.c","710",".c"
"compat_layer\subsystems\mvdm\ntvdm\cpu\registers.h","119",".h"
"compat_layer\subsystems\mvdm\ntvdm\cpu\x86context.h","137",".h"
"compat_layer\subsystems\mvdm\ntvdm\dos\dem.c","1658",".c"
"compat_layer\subsystems\mvdm\ntvdm\dos\dem.h","122",".h"
"compat_layer\subsystems\mvdm\ntvdm\dos\dos32krnl\bios.c","298",".c"
"compat_layer\subsystems\mvdm\ntvdm\dos\dos32krnl\condrv.c","150",".c"
"compat_layer\subsystems\mvdm\ntvdm\dos\dos32krnl\country.c","291",".c"
"compat_layer\subsystems\mvdm\ntvdm\dos\dos32krnl\country.h","99",".h"
"compat_layer\subsystems\mvdm\ntvdm\dos\dos32krnl\device.c","709",".c"
"compat_layer\subsystems\mvdm\ntvdm\dos\dos32krnl\device.h","211",".h"
"compat_layer\subsystems\mvdm\ntvdm\dos\dos32krnl\dos.c","2455",".c"
"compat_layer\subsystems\mvdm\ntvdm\dos\dos32krnl\dos.h","347",".h"
"compat_layer\subsystems\mvdm\ntvdm\dos\dos32krnl\dosfiles.c","1350",".c"
"compat_layer\subsystems\mvdm\ntvdm\dos\dos32krnl\dosfiles.h","141",".h"
"compat_layer\subsystems\mvdm\ntvdm\dos\dos32krnl\emsdrv.c","877",".c"
"compat_layer\subsystems\mvdm\ntvdm\dos\dos32krnl\emsdrv.h","103",".h"
"compat_layer\subsystems\mvdm\ntvdm\dos\dos32krnl\handle.c","357",".c"
"compat_layer\subsystems\mvdm\ntvdm\dos\dos32krnl\handle.h","23",".h"
"compat_layer\subsystems\mvdm\ntvdm\dos\dos32krnl\himem.c","818",".c"
"compat_layer\subsystems\mvdm\ntvdm\dos\dos32krnl\himem.h","68",".h"
"compat_layer\subsystems\mvdm\ntvdm\dos\dos32krnl\memory.c","685",".c"
"compat_layer\subsystems\mvdm\ntvdm\dos\dos32krnl\memory.h","53",".h"
"compat_layer\subsystems\mvdm\ntvdm\dos\dos32krnl\process.c","1048",".c"
"compat_layer\subsystems\mvdm\ntvdm\dos\dos32krnl\process.h","121",".h"
"compat_layer\subsystems\mvdm\ntvdm\dos\mouse32.c","1314",".c"
"compat_layer\subsystems\mvdm\ntvdm\dos\mouse32.h","83",".h"
"compat_layer\subsystems\mvdm\ntvdm\emulator.c","683",".c"
"compat_layer\subsystems\mvdm\ntvdm\emulator.h","138",".h"
"compat_layer\subsystems\mvdm\ntvdm\hardware\cmos.c","591",".c"
"compat_layer\subsystems\mvdm\ntvdm\hardware\cmos.h","154",".h"
"compat_layer\subsystems\mvdm\ntvdm\hardware\disk.c","643",".c"
"compat_layer\subsystems\mvdm\ntvdm\hardware\disk.h","91",".h"
"compat_layer\subsystems\mvdm\ntvdm\hardware\dma.c","697",".c"
"compat_layer\subsystems\mvdm\ntvdm\hardware\dma.h","62",".h"
"compat_layer\subsystems\mvdm\ntvdm\hardware\keyboard.c","194",".c"
"compat_layer\subsystems\mvdm\ntvdm\hardware\keyboard.h","25",".h"
"compat_layer\subsystems\mvdm\ntvdm\hardware\mouse.c","479",".c"
"compat_layer\subsystems\mvdm\ntvdm\hardware\mouse.h","69",".h"
"compat_layer\subsystems\mvdm\ntvdm\hardware\pic.c","369",".c"
"compat_layer\subsystems\mvdm\ntvdm\hardware\pic.h","40",".h"
"compat_layer\subsystems\mvdm\ntvdm\hardware\pit.c","525",".c"
"compat_layer\subsystems\mvdm\ntvdm\hardware\pit.h","80",".h"
"compat_layer\subsystems\mvdm\ntvdm\hardware\ppi.c","87",".c"
"compat_layer\subsystems\mvdm\ntvdm\hardware\ppi.h","24",".h"
"compat_layer\subsystems\mvdm\ntvdm\hardware\ps2.c","554",".c"
"compat_layer\subsystems\mvdm\ntvdm\hardware\ps2.h","60",".h"
"compat_layer\subsystems\mvdm\ntvdm\hardware\sound\speaker.c","300",".c"
"compat_layer\subsystems\mvdm\ntvdm\hardware\sound\speaker.h","19",".h"
"compat_layer\subsystems\mvdm\ntvdm\hardware\video\svga.c","2160",".c"
"compat_layer\subsystems\mvdm\ntvdm\hardware\video\svga.h","409",".h"
"compat_layer\subsystems\mvdm\ntvdm\int32.c","200",".c"
"compat_layer\subsystems\mvdm\ntvdm\int32.h","65",".h"
"compat_layer\subsystems\mvdm\ntvdm\io.c","606",".c"
"compat_layer\subsystems\mvdm\ntvdm\io.h","106",".h"
"compat_layer\subsystems\mvdm\ntvdm\memory.c","811",".c"
"compat_layer\subsystems\mvdm\ntvdm\memory.h","95",".h"
"compat_layer\subsystems\mvdm\ntvdm\ntvdm.c","616",".c"
"compat_layer\subsystems\mvdm\ntvdm\ntvdm.h","126",".h"
"compat_layer\subsystems\mvdm\ntvdm\utils.c","88",".c"
"compat_layer\subsystems\mvdm\ntvdm\utils.h","27",".h"
"compat_layer\subsystems\mvdm\ntvdm\vddsup.c","515",".c"
"compat_layer\subsystems\mvdm\ntvdm\vddsup.h","21",".h"
"compat_layer\subsystems\mvdm\samples\testvdd\testvdd.c","520",".c"
"compat_layer\subsystems\mvdm\vdmdbg\vdmdbg.c","214",".c"
"compat_layer\subsystems\mvdm\vdmdbg\vdmdbg.h","75",".h"
"compat_layer\subsystems\mvdm\wow16\user\user.c","24",".c"
"compat_layer\subsystems\win\basesrv\appcompat.c","67",".c"
"compat_layer\subsystems\win\basesrv\vdm.c","1459",".c"
"compat_layer\subsystems\win\basesrv\vdm.h","53",".h"
"compat_layer\subsystems\win\basesrv\vdm.c","1459",".c"
"kernel\arch\x86_64\com.c","766",".c"
"kernel\arch\x86_64\drv_audio.c","187",".c"
"kernel\arch\x86_64\drv_disk.c","278",".c"
"kernel\arch\x86_64\drv_display.c","109",".c"
"kernel\arch\x86_64\drv_hid.c","235",".c"
"kernel\arch\x86_64\drv_main.c","131",".c"
"kernel\arch\x86_64\drv_network.c","250",".c"
"kernel\arch\x86_64\drv_serial.c","298",".c"
"kernel\arch\x86_64\drv_usb.c","319",".c"
"kernel\arch\x86_64\hdr_tonemap.c","489",".c"
"kernel\arch\x86_64\hw_display.c","683",".c"
"kernel\arch\x86_64\powershell.c","1975",".c"
"kernel\arch\x86_64\wdm.c","478",".c"
"kernel\arch\x86_64\compat_ntvdm.c","782",".c"
"kernel\arch\x86_64\compat_sdb.c","752",".c"
"kernel\arch\x86_64\compat_main.c","92",".c"
"kernel\arch\x86_64\ap_trampoline_bin.h","349",".h"
"kernel\api\kapi_fs.c","452",".c"
"kernel\kernel\fs.c","524",".c"
"spatiotemporal\spatiotemporal_types.h","48",".h"
"spatiotemporal\spatiotemporal_core.h","81",".h"
"spatiotemporal\spatiotemporal_core.c","252",".c"
"spatiotemporal\spatiotemporal_analysis.h","113",".h"
"spatiotemporal\spatiotemporal_analysis.c","627",".c"
"spatiotemporal\spatiotemporal_visualization.h","135",".h"
"spatiotemporal\spatiotemporal_visualization.c","629",".c"
"spatiotemporal\spatiotemporal.h","81",".h"
"spatiotemporal\spatiotemporal_api.c","315",".c"
"apps\spatiotemporal_tool.c","211",".c"
"apps\spatiotemporal_tool.h","13",".h"
"spatiotemporal\tests\test_core.c","142",".c"
"spatiotemporal\tests\test_analysis.c","270",".c"
"spatiotemporal\examples\basic_usage.c","125",".c"
"include\kapi_vfs_ext.h","82",".h"
"include\kapi_device_manager.h","158",".h"
"include\kapi_memory_ext.h","181",".h"
"include\kapi_logging.h","187",".h"
"bin\elf_loader_enhanced.c","282",".c"
"include\kapi_trace.h","225",".h"
"bin\kex_loader_enhanced.c","326",".c"
"bin\kex_loader_enhanced.h","49",".h"
"kernel\api\kapi_vfs_ext.c","341",".c"
"bin\power_management_enhanced.c","302",".c"
"bin\power_management_enhanced.h","54",".h"
"kernel\api\kapi_logging.c","486",".c"
"bin\ui_enhancement.c","442",".c"
"bin\ui_enhancement.h","122",".h"
"include\kapi_window.h","305",".h"
"bin\security_enhancement.c","553",".c"
"bin\security_enhancement.h","110",".h"
"include\kapi_graphics2d.h","409",".h"
"include\enhanced_features.h","29",".h"
"bin\enhanced_features.c","236",".c"
"include\kapi_input.h","433",".h"
"kernel\api\kapi_window_manager.c","881",".c"
"include\kapi_debugger.h","235",".h"
"kernel\api\kapi_debugger.c","891",".c"
"examples\debugger_example.c","243",".c"
"include\kapi_profiler.h","267",".h"
"kernel\api\kapi_profiler.c","768",".c"
"examples\profiler_example.c","467",".c"
"include\kapi_memleak.h","344",".h"
"kernel\api\kapi_memleak.c","896",".c"
"examples\profiler_example.c","467",".c"
"examples\profiler_example.c","467",".c"
"examples\profiler_example.c","467",".c"
